Class Name;DefaultDisplayName;DefaultCategory;Behaviors;DisplayOrder;DefaultIconBlockOffset;DefaultIconViewOffset;DefaultIconViewScale;FirstPersonScale;FirstPersonOffset;FirstPersonRotation;InHandScale;InHandOffset;InHandRotation;CraftingId;DefaultCreativeData;IsCollidable;IsPlaceable;IsDiggingTransparent;IsPlacementTransparent;DefaultIsInteractive;IsEditable;IsNonDuplicable;IsGatherable;HasCollisionBehavior;KillsWhenStuck;IsFluidBlocker;IsTransparent;DefaultShadowStrength;LightAttenuation;DefaultEmittedLightAmount;ObjectShadowStrength;DefaultDropContent;DefaultDropCount;DefaultExperienceCount;RequiredToolLevel;MaxStacking;SleepSuitability;FrictionFactor;Density;NoAutoJump;NoSmoothRise;FuelHeatLevel;FuelFireDuration;DefaultSoundMaterialName;ShovelPower;QuarryPower;HackPower;DefaultMeleePower;DefaultMeleeHitProbability;DefaultProjectilePower;ToolLevel;PlayerLevelRequired;Durability;IsAimable;IsStickable;AlignToVelocity;ProjectileSpeed;ProjectileDamping;ProjectileTipOffset;DisintegratesOnHit;ProjectileStickProbability;DefaultHeat;FireDuration;ExplosionResilience;DefaultExplosionPressure;DefaultExplosionIncendiary;IsExplosionTransparent;DigMethod;DigResilience;ProjectileResilience;DefaultNutritionalValue;DefaultSicknessProbability;FoodType;DefaultRotPeriod;DefaultTextureSlot;DestructionDebrisScale;DefaultDescription
SteelPickBlock;钢镐;Tools;;500;0,0,0;-1, 0.5, 0;0.85;0.4;0.5, -0.5, -0.6;0, 40, 0;0.35;0,0.2,0;0, 0, 0;steelpickaxe;0;FALSE;FALSE;FALSE;TRUE;FALSE;FALSE;FALSE;FALSE;FALSE;FALSE;FALSE;FALSE;15;0;0;0;;;;;1;0;1;1.5;FALSE;FALSE;0;0;;2.47;14.24;4.21;;;1;6;5;240;FALSE;FALSE;FALSE;0;;0;FALSE;0;;0;;;;FALSE;;;;;;;;218;1;一把纯钢制作的镐子，适合下矿使用
SteelSwordBlock;钢刀;Weapons;;501;0,0,0;-1, 0.5, 0;0.85;0.4;0.5, -0.5, -0.6;0, 40, 0;0.4;0,0.27,0;0, 0, 0;steelsword;0;FALSE;FALSE;FALSE;TRUE;FALSE;FALSE;FALSE;FALSE;FALSE;FALSE;FALSE;FALSE;15;0;0;0;;;;;1;0;1;3;FALSE;FALSE;0;0;;1;1;1;8.95;0.98;1;;5;190;FALSE;FALSE;FALSE;0;;0;FALSE;0;;0;;;;FALSE;;;;;;;;211;1;一把纯钢制作的刀，既耐用又锋利
GHBlock;幽魂;Items;;210;0,0,0;1, 1, 1;1.1;0.4;0.5, -0.5, -0.6;1, 1, 1;0.3;0,0.06,0;90, 0, 0;ghost;0;FALSE;FALSE;FALSE;FALSE;FALSE;FALSE;FALSE;FALSE;FALSE;FALSE;FALSE;FALSE;15;0;0;0;;;;;12;0;1;0.5;FALSE;FALSE;0;0;;1;1;1;1;;0;1;;-1;FALSE;FALSE;FALSE;0;;0;FALSE;0;;0;;;;FALSE;;;;;;;;128;1;玩家死亡掉了
RawMeBlock;生肉排;Food;RotBlockBehavior;802;0,0,0;0, 0, 1;1;0.5;0.5, -0.5, -0.6;0, -70, 0;0.3;0,0.06,0;0, 0, 0;rawme;0;FALSE;FALSE;FALSE;FALSE;FALSE;FALSE;FALSE;FALSE;FALSE;FALSE;FALSE;FALSE;15;0;0;0;;;;;12;0;1;0.5;FALSE;FALSE;0;0;;1;1;1;1;;0;1;;-1;FALSE;FALSE;FALSE;0;;0;FALSE;0;;0;;;;FALSE;;;;0.3;0.25;Meat;30;161;1;一块生的肉排，或许烹饪后更好吃
CookMeBlock;熟肉排;Food;RotBlockBehavior;801;0,0,0;0, 0, 1;1;0.5;0.5, -0.5, -0.6;0, -70, 0;0.3;0,0.06,0;0, 0, 0;cookme;0;FALSE;FALSE;FALSE;FALSE;FALSE;FALSE;FALSE;FALSE;FALSE;FALSE;FALSE;FALSE;15;0;0;0;;;;;12;0;1;0.5;FALSE;FALSE;0;0;;1;1;1;1;;0;1;;-1;FALSE;FALSE;FALSE;0;;0;FALSE;0;;0;;;;FALSE;;;;0.8;;Meat;150;161;1;由生肉排烹饪后而得，味道更加美味
PurpieChunkBlock;紫晶;Terrain;;401;0,0,0;0, 0.5, 1;1;0.4;0.5, -0.5, -0.6;0, 40, 0;0.3;0,0.12,0;0, 0, 0;purpiechunk;0;TRUE;TRUE;FALSE;FALSE;FALSE;FALSE;FALSE;FALSE;FALSE;FALSE;TRUE;FALSE;15;0;0;0;#;1;;3;40;0;1;1.5;FALSE;FALSE;0;20;;1;1;1;1;;2;1;;-1;FALSE;FALSE;FALSE;14;0.9;0.1;FALSE;0;;0;;;;TRUE;;;1;;;;;271;1;一块很纯的紫色晶体
RedChunkBlock;红晶;Terrain;;402;0,0,0;0, 0.5, 1;1;0.4;0.5, -0.5, -0.6;0, 40, 0;0.3;0,0.12,0;0, 0, 0;redchunk;0;TRUE;TRUE;FALSE;FALSE;FALSE;FALSE;FALSE;FALSE;FALSE;FALSE;TRUE;FALSE;15;0;0;0;#;1;;0;40;0;1;1.5;FALSE;FALSE;0;20;;1;1;1;1;;2;1;;-1;FALSE;FALSE;FALSE;14;0.9;0.1;FALSE;0;;0;;;;TRUE;;;1;;;;;252;1;一块很纯的紫色晶体
PurpieOreBlock;紫晶矿;Terrain;KuangWuShengCheng;403;0,0,0;1, 1, 1;1;0.4;0.5, -0.5, -0.6;0, 40, 0;0.3;0,0.12,0;0, 0, 45;purpieore;0;TRUE;TRUE;FALSE;FALSE;FALSE;FALSE;FALSE;FALSE;FALSE;FALSE;TRUE;FALSE;15;0;;1;#;1;;4;40;0;1;1.5;FALSE;FALSE;0;40;Stone;1;1;1;1;;2;1;;-1;FALSE;FALSE;FALSE;0;;0;FALSE;0;;20;8000;;;FALSE;Quarry;40;1;;;;;255;1;"在完整的花岗岩体中，你可能会发现紫晶，紫晶矿是一个很稀有的矿物。挖掘时请小心翼翼的使用正确的工具。否则矿物会丢失"
CoalPowderBlockcoalpowder;碳粉;Terrain;;406;0,0,0;0, 0.5, 1;1;0.4;0.5, -0.5, -0.6;0, 40, 0;0.3;0,0.12,0;0, 0, 0;coalpowder;0;TRUE;TRUE;FALSE;FALSE;FALSE;FALSE;FALSE;FALSE;FALSE;FALSE;TRUE;FALSE;15;0;0;0;#;1;;0;40;0;1;1.5;FALSE;FALSE;0;20;;1;1;1;1;;2;1;;-1;FALSE;FALSE;FALSE;14;0.9;0.1;FALSE;0;;0;;;;TRUE;;;1;;;;;241;1;一块纯煤炭打磨出来的粉
RedOreBlock;红晶矿;Terrain;KuangWuShengCheng;404;0,0,0;1, 1, 1;1;0.4;0.5, -0.5, -0.6;0, 40, 0;0.3;0,0.12,0;0, 0, 45;redore;0;TRUE;TRUE;FALSE;FALSE;FALSE;FALSE;FALSE;FALSE;FALSE;FALSE;TRUE;FALSE;15;0;;1;#;1;;2;4;0;1;1.5;FALSE;FALSE;0;40;Stone;1;1;1;1;;2;1;;-1;FALSE;FALSE;FALSE;0;;0;FALSE;0;;20;8000;;;FALSE;Quarry;40;1;;;;;254;1;"有时你可能会在一堆碎石块里发现它，这是一种不常见的矿物。挖掘请使用正确的工具。否则会丢失"
SteelIngotBlock;钢锭;Terrain;;407;0,0,0;0, 0.5, 1;1;0.4;0.5, -0.5, -0.6;0, 40, 0;0.3;0,0.12,0;0, 0, 0;steelingot;0;TRUE;FALSE;FALSE;FALSE;FALSE;FALSE;FALSE;FALSE;FALSE;FALSE;TRUE;FALSE;15;0;0;0;#;1;;0;40;0;1;1.5;FALSE;FALSE;0;20;;1;1;1;1;;2;1;;-1;FALSE;FALSE;FALSE;14;0.9;0.1;FALSE;0;;0;;;;TRUE;;;1;;;;;240;1;一块坚硬的金属
RedPickaxeBlock;红晶镐;Tools;;170;0,0,0;-1, 0.5, 0;0.85;0.4;0.5, -0.5, -0.6;0, 40, 0;0.35;0,0.2,0;0, 0, 0;redpickaxeblock;0;FALSE;FALSE;FALSE;TRUE;FALSE;FALSE;FALSE;FALSE;FALSE;FALSE;FALSE;FALSE;15;0;0;0;;;;;1;0;1;1.5;FALSE;FALSE;0;0;;4.42;14.95;2.43;1.5;;1;7;6;450;FALSE;FALSE;FALSE;0;;0;FALSE;0;;0;;;;FALSE;;;;;;;;218;1;这是一把红晶做的镐子哦！挖坟断魂！
RedaxeBlock;红晶斧;Tools;;171;0,0,0;-1, 0.5, 0;0.85;0.4;0.5, -0.5, -0.6;0, 40, 0;0.35;0,0.2,0;0, 0, 0;redaxeblock;0;FALSE;FALSE;FALSE;TRUE;FALSE;FALSE;FALSE;FALSE;FALSE;FALSE;FALSE;FALSE;15;0;0;0;;;;;1;0;1;1.5;FALSE;FALSE;0;0;;1.54;1.52;12.44;8;0.5;1;;6;450;FALSE;FALSE;FALSE;0;;0;FALSE;0;;0;;;;FALSE;;;;;;;;234;1;这是一把红晶做的斧子哦！ 亮晶晶的!
RedSwordBlock;红晶刀;Weapons;;501;0,0,0;-1, 0.5, 0;0.85;0.4;0.5, -0.5, -0.6;0, 40, 0;0.4;0,0.27,0;0, 0, 0;redsword;0;FALSE;FALSE;FALSE;TRUE;FALSE;FALSE;FALSE;FALSE;FALSE;FALSE;FALSE;FALSE;15;0;0;0;;;;;1;0;1;3;FALSE;FALSE;0;0;;1;1;1;9.24;0.97;1;0;6;300;FALSE;FALSE;FALSE;0;;0;FALSE;0;;0;;;;FALSE;;;;;;;;211;1;一把红晶制作的刀，既耐用又锋利
RedShovelBlock;红晶铲;Tools;;167;0,0,0;-1, 0.5, 0;0.85;0.4;0.5, -0.5, -0.6;0, 40, 0;0.35;0,0.2,0;0, 90, 0;tedshovel;0;FALSE;FALSE;FALSE;TRUE;FALSE;FALSE;FALSE;FALSE;FALSE;FALSE;FALSE;FALSE;15;0;0;0;;;;;1;0;1;1.5;FALSE;FALSE;0;0;;10.42;1.5;1.5;1.5;;1;;6;720;FALSE;FALSE;FALSE;0;;0;FALSE;0;;0;;;;FALSE;;;;;;;;233;1;一把红晶做的铲子
GoldBlock;金矿;Terrain;KuangWuShengCheng;408;0,0,0;1, 1, 1;1;0.4;0.5, -0.5, -0.6;0, 40, 0;0.3;0,0.12,0;0, 0, 45;gold;0;TRUE;TRUE;FALSE;FALSE;FALSE;FALSE;FALSE;FALSE;FALSE;FALSE;TRUE;FALSE;15;0;;1;409;2;3;4;4;0;1;1.5;FALSE;FALSE;0;40;Stone;1;1;1;1;;2;1;;-1;FALSE;FALSE;FALSE;0;;0;FALSE;0;;20;8000;;;FALSE;Quarry;40;1;;;;;250;1;"不常见的矿物，总是散发着金闪闪的亮光"
GoldenChunkBlock;金矿石;Terrain;;409;0,0,0;0, 0.5, 1;1;0.4;0.5, -0.5, -0.6;0, 40, 0;0.3;0,0.12,0;0, 0, 0;goldenchunk;0;TRUE;FALSE;FALSE;FALSE;FALSE;FALSE;FALSE;FALSE;FALSE;FALSE;TRUE;FALSE;15;0;0;0;#;1;;4;40;0;1;1.5;FALSE;FALSE;0;20;;1;1;1;1;;2;1;;-1;FALSE;FALSE;FALSE;14;0.9;0.1;FALSE;0;;0;;;;TRUE;;;1;;;;;251;1;"一个金闪闪的矿石，非常纯。肯定很值钱吧"
GoldenIngotBlock;金锭;Terrain;;420;0,0,0;0, 0.5, 1;1;0.4;0.5, -0.5, -0.6;0, 40, 0;0.3;0,0.12,0;0, 0, 0;goldeningot;0;TRUE;FALSE;FALSE;FALSE;FALSE;FALSE;FALSE;FALSE;FALSE;FALSE;TRUE;FALSE;15;0;0;0;#;1;;0;40;0;1;1.5;FALSE;FALSE;0;20;;1;1;1;1;;2;1;;-1;FALSE;FALSE;FALSE;14;0.9;0.1;FALSE;0;;0;;;;TRUE;;;1;;;;;251;1;"一个金闪闪的矿石锭，非常纯。肯定很值钱吧"
WLBlock;硬皮革;Items;;477;0,0,0;-1, 1, -1;1;0.4;0.5, -0.5, -0.6;0, 40, 0;0.4;0,0,0;90, 0, 0;wl;0;FALSE;FALSE;FALSE;TRUE;FALSE;FALSE;FALSE;FALSE;FALSE;FALSE;FALSE;FALSE;15;0;0;0;;;;;40;0;1;0.5;FALSE;FALSE;0;0;;1;1;1;1;;1;1;;-1;FALSE;FALSE;FALSE;0;;0;FALSE;0;;0;;;;FALSE;;;;;;;;247;1;"由木棍支撑起的皮革，异常坚硬。可以制作一些衣服"
XYBlock;纤维绳;Items;;801;0,0,0;0, 0, 1;0.8;0.4;0.5, -0.5, -0.6;0, -70, 0;0.3;0,0.12,0;0, 0, 45;xy;0;FALSE;FALSE;FALSE;FALSE;FALSE;FALSE;FALSE;FALSE;FALSE;FALSE;FALSE;FALSE;-1;0;0;0;;;;;40;0;1;0.5;FALSE;FALSE;1;1;;1;1;1;1;0.66;0.1;0;;-1;FALSE;FALSE;FALSE;0;;0;FALSE;0;;0;;;;;;;;;;;;239;1;"用草编织的绳子"
PSBlock;皮革丝;Items;;802;0,0,0;0, 0, 1;0.8;0.4;0.5, -0.5, -0.6;0, -70, 0;0.3;0,0.12,0;0, 0, 45;ps;0;FALSE;FALSE;FALSE;FALSE;FALSE;FALSE;FALSE;FALSE;FALSE;FALSE;FALSE;FALSE;-1;0;0;0;;;;;40;0;1;0.5;FALSE;FALSE;1;1;;1;1;1;1;0.66;0.1;0;;-1;FALSE;FALSE;FALSE;0;;0;FALSE;0;;0;;;;;;;;;;;;246;1;"将皮革撕开得到的绳子"
SSBlock;碎石锤;Items;;803;0,0,0;0, 0, 1;0.8;0.4;0.5, -0.5, -0.6;0, -70, 0;0.3;0,0.12,0;0, 0, 45;ss;0;FALSE;FALSE;FALSE;FALSE;FALSE;FALSE;FALSE;FALSE;FALSE;FALSE;FALSE;FALSE;-1;0;0;0;;;;;40;0;1;0.5;FALSE;FALSE;1;1;;1;1;1;0.5;10;3;0;;15;FALSE;FALSE;FALSE;1;0.2;0;FALSE;0;;0;;;;;;;;;;;;244;1;"这是一个非常实用的东西"
FBBlock;大铜块;Items;;804;0,0,0;0, 0, 1;0.8;0.4;0.5, -0.5, -0.6;0, -70, 0;0.3;0,0.12,0;0, 0, 45;fb;0;TRUE;FALSE;FALSE;FALSE;FALSE;FALSE;FALSE;TRUE;FALSE;FALSE;TRUE;FALSE;-1;0;0;0;#;1;;3;4;0;1;0.5;FALSE;FALSE;1;1;Stone;1;1;1;1;0.66;0.1;0;;-1;FALSE;FALSE;FALSE;0;;0;FALSE;0;;0;80000;;;;Quarry;100;1;;;;;245;1;添加了更多铜料的方块，不仅坚硬还防爆
CJBlock;草之精华;Items;;805;0,0,0;0, 0, 1;0.8;0.4;0.5, -0.5, -0.6;0, -70, 0;0.3;0,0.12,0;0, 0, 45;cj;0;FALSE;FALSE;FALSE;FALSE;FALSE;FALSE;FALSE;FALSE;FALSE;FALSE;FALSE;FALSE;-1;0;0;0;;;;;40;0;1;0.5;FALSE;FALSE;1;1;;1;1;1;1;0.66;0.1;0;;-1;FALSE;FALSE;FALSE;0;;0;FALSE;0;;0;;;;;;;;;;;;236;1;"九个草组成的精华"
SJBlock;石之精华;Items;;806;0,0,0;0, 0, 1;0.8;0.4;0.5, -0.5, -0.6;0, -70, 0;0.3;0,0.12,0;0, 0, 45;sj;0;FALSE;FALSE;FALSE;FALSE;FALSE;FALSE;FALSE;FALSE;FALSE;FALSE;FALSE;FALSE;-1;0;0;0;;;;;40;0;1;0.5;FALSE;FALSE;1;1;;1;1;1;1;0.66;0.1;0;;-1;FALSE;FALSE;FALSE;0;;0;FALSE;0;;0;;;;;;;;;;;;238;1;"九个花岗岩组成的精华"
TJBlock;土之精华;Items;;807;0,0,0;0, 0, 1;0.8;0.4;0.5, -0.5, -0.6;0, -70, 0;0.3;0,0.12,0;0, 0, 45;tj;0;FALSE;FALSE;FALSE;FALSE;FALSE;FALSE;FALSE;FALSE;FALSE;FALSE;FALSE;FALSE;-1;0;0;0;;;;;40;0;1;0.5;FALSE;FALSE;1;1;;1;1;1;1;0.66;0.1;0;;-1;FALSE;FALSE;FALSE;0;;0;FALSE;0;;0;;;;;;;;;;;;237;1;"九个土块组成的精华"
MJBlock;木之精华;Items;;808;0,0,0;0, 0, 1;0.8;0.4;0.5, -0.5, -0.6;0, -70, 0;0.3;0,0.12,0;0, 0, 45;mj;0;FALSE;FALSE;FALSE;FALSE;FALSE;FALSE;FALSE;FALSE;FALSE;FALSE;FALSE;FALSE;-1;0;0;0;;;;;40;0;1;0.5;FALSE;FALSE;1;1;;1;1;1;1;0.66;0.1;0;;-1;FALSE;FALSE;FALSE;0;;0;FALSE;0;;0;;;;;;;;;;;;234;1;"九个原木组成的精华"
HJBlock;火之精华;Items;;809;0,0,0;0, 0, 1;0.8;0.4;0.5, -0.5, -0.6;0, -70, 0;0.3;0,0.12,0;0, 0, 45;hj;0;FALSE;FALSE;FALSE;FALSE;FALSE;FALSE;FALSE;FALSE;FALSE;FALSE;FALSE;FALSE;-1;0;0;0;;;;;40;0;1;0.5;FALSE;FALSE;1;1;;1;1;1;1;0.66;0.1;0;;-1;FALSE;FALSE;FALSE;0;;0;FALSE;0;;0;;;;;;;;;;;;235;1;"九桶岩浆组成的精华"
HLCBlock;海蓝宝石;Items;;810;0,0,0;0, 0, 1;0.8;0.4;0.5, -0.5, -0.6;0, -70, 0;0.3;0,0.12,0;0, 0, 45;hlc;0;FALSE;FALSE;FALSE;FALSE;FALSE;FALSE;FALSE;FALSE;FALSE;FALSE;FALSE;FALSE;-1;0;0;0;;;;;40;0;1;0.5;FALSE;FALSE;1;1;;1;1;1;1;0.66;0.1;0;;-1;FALSE;FALSE;FALSE;0;;0;FALSE;0;;0;;;;;;;;;;;;196;1;"开采海蓝矿获得，蓝蓝的"
HLBlock;海蓝矿;Terrain;;811;0,0,0;1, 1, 1;1;0.4;0.5, -0.5, -0.6;0, 40, 0;0.3;0,0.12,0;0, 0, 45;hlcore;0;TRUE;TRUE;FALSE;FALSE;FALSE;FALSE;FALSE;FALSE;FALSE;FALSE;TRUE;FALSE;15;0;0;1;#HLCBlock;2;3;4;4;0;1;1.5;FALSE;FALSE;0;40;Stone;1;1;1;1;;2;1;;-1;FALSE;FALSE;FALSE;0;;0;FALSE;0;;20;8000;;;FALSE;Quarry;40;1;;;;;249;1;虽然说颜色像海，但它其实并不会在海里
JBBlock;金圆盘;Items;;812;0,0,0;0, 0, 1;0.8;0.4;0.5, -0.5, -0.6;0, -70, 0;0.3;0,0.12,0;0, 0, 45;jb;0;FALSE;FALSE;FALSE;FALSE;FALSE;FALSE;FALSE;FALSE;FALSE;FALSE;FALSE;FALSE;-1;0;0;0;;;;;40;0;1;0.5;FALSE;FALSE;1;1;;1;1;1;1;0.66;0.1;0;;-1;FALSE;FALSE;FALSE;0;;0;FALSE;0;;0;;;;;;;;;;;;222;1;"通过精炼矿物锭制作的原盘，投掷伤害较高"
TBBlock;铜圆盘;Items;;813;0,0,0;0, 0, 1;0.8;0.4;0.5, -0.5, -0.6;0, -70, 0;0.3;0,0.12,0;0, 0, 45;tb;0;FALSE;FALSE;FALSE;FALSE;FALSE;FALSE;FALSE;FALSE;FALSE;FALSE;FALSE;FALSE;-1;0;0;0;;;;;40;0;1;0.5;FALSE;FALSE;1;1;;1;1;1;1;0.66;0.1;0;;-1;FALSE;FALSE;FALSE;0;;0;FALSE;0;;0;;;;;;;;;;;;220;1;"通过精炼矿物锭制作的原盘，投掷伤害较高"
TTBBlock;铁圆盘;Items;;814;0,0,0;0, 0, 1;0.8;0.4;0.5, -0.5, -0.6;0, -70, 0;0.3;0,0.12,0;0, 0, 45;tb1;0;FALSE;FALSE;FALSE;FALSE;FALSE;FALSE;FALSE;FALSE;FALSE;FALSE;FALSE;FALSE;-1;0;0;0;;;;;40;0;1;0.5;FALSE;FALSE;1;1;;1;1;1;1;0.66;0.1;0;;-1;FALSE;FALSE;FALSE;0;;0;FALSE;0;;0;;;;;;;;;;;;221;1;"通过精炼矿物锭制作的原盘，投掷伤害较高"
LABlock;草榻;Terrain;;50;0,0,0;1, 1, 1;1;0.4;0.5, -0.5, -0.6;0, 40, 0;0.3;0,0.12,0;0, 0, 45;ta;0;TRUE;TRUE;FALSE;FALSE;FALSE;FALSE;TRUE;TRUE;FALSE;FALSE;TRUE;FALSE;15;0;;1;#;1;0;0;10;0;1;1.5;FALSE;FALSE;1;80;Sand;1;1;1;1;;2;1;;-1;TRUE;TRUE;FALSE;20;0.1;0.1;FALSE;0;0;10;20;;;FALSE;Hack;4;1;;;;;9;1;"杂草制成的块，不会塌陷"