Class Name;ShovelPower;QuarryPower;HackPower
DiamondPickaxeBlock;7;18;4
IronPickaxeBlock;5;13.5;4
CopperPickaxeBlock;2;10;4
StoneAxeBlock;5;6;3
DiamondAxeBlock;;;8
IronAxeBlock;;;7.5
CopperAxeBlock;;;7
RodBlock;2.1;6.2;3.4
AirBlock;1;0.5;0
SSBlock;2;4;2
BedrockBlock;1;0.5;0
DirtBlock;1;0.5;0
SoilBlock;1;0.5;0
LimestoneBlock;1;0.5;0
GraniteBlock;1;0.5;0
BasaltBlock;1;0.5;0
SandstoneBlock;1;0.5;0
GravelBlock;1;0.5;0
ClayBlock;1;0.5;0
SandBlock;1;0.5;0
GHBlock;0;0;0
XYBlock;0;0;0
GrassBlock;1;0.5;0
WaterBlock;1;0.5;0
MagmaBlock;1;0.5;0
SnowBlock;1;0.5;0
IceBlock;1;0.5;0
FireBlock;1;0.5;0
CoalOreBlock;1;0.5;0
CopperOreBlock;1;0.5;0
IronOreBlock;1;0.5;0
SulphurOreBlock;1;0.5;0
DiamondOreBlock;1;0.5;0
GermaniumOreBlock;1;0.5;0
SaltpeterOreBlock;1;0.5;0
CoalBlock;1;0.5;0
StoneChunkBlock;1;0.5;0
CoalChunkBlock;1;0.5;0
MalachiteChunkBlock;1;0.5;0
IronOreChunkBlock;1;0.5;0
SaltpeterChunkBlock;1;0.5;0
SulphurChunkBlock;1;0.5;0
GermaniumOreChunkBlock;1;0.5;0
GermaniumChunkBlock;1;0.5;0
DiamondChunkBlock;1;0.5;0
OakWoodBlock;1;0.5;0
BirchWoodBlock;1;0.5;0
SpruceWoodBlock;1;0.5;0
MimosaWoodBlock;1;0.5;0
OakLeavesBlock;1;0.5;0
BirchLeavesBlock;1;0.5;0
SpruceLeavesBlock;1;0.5;0
TallSpruceLeavesBlock;1;0.5;0
MimosaLeavesBlock;1;0.5;0
TallGrassBlock;1;0.5;0
RyeBlock;1;0.5;0
RedFlowerBlock;1;0.5;0
PurpleFlowerBlock;1;0.5;0
WhiteFlowerBlock;1;0.5;0
DryBushBlock;1;0.5;0
LargeDryBushBlock;1;0.5;0
SaplingBlock;1;0.5;0
CactusBlock;1;0.5;0
IvyBlock;1;0.5;0
PumpkinBlock;1;0.5;0
RottenPumpkinBlock;1;0.5;0
SeedsBlock;1;0.5;0
CottonBlock;1;0.5;0
CottonWadBlock;1;0.5;0
SeaUrchinBlock;1;0.5;0
StarfishBlock;1;0.5;0
KelpBlock;1;0.5;0
SeagrassBlock;1;0.5;0
PlanksBlock;1;0.5;0
CobblestoneBlock;1;0.5;0
StoneBrickBlock;1;0.5;0
BricksBlock;1;0.5;0
MarbleBlock;1;0.5;0
MalachiteBlock;1;0.5;0
DiamondBlock;1;0.5;0
IronBlock;1;0.5;0
CopperBlock;1;0.5;0
SemiconductorBlock;1;0.5;0
GlassBlock;1;0.5;0
FramedGlassBlock;1;0.5;0
WindowBlock;1;0.5;0
WoodenStairsBlock;1;0.5;0
StoneStairsBlock;1;0.5;0
CobblestoneStairsBlock;1;0.5;0
StoneBrickStairsBlock;1;0.5;0
BrickStairsBlock;1;0.5;0
SandstoneStairsBlock;1;0.5;0
MarbleStairsBlock;1;0.5;0
BasaltStairsBlock;1;0.5;0
WoodenSlabBlock;1;0.5;0
StoneSlabBlock;1;0.5;0
CobblestoneSlabBlock;1;0.5;0
StoneBrickSlabBlock;1;0.5;0
BrickSlabBlock;1;0.5;0
SandstoneSlabBlock;1;0.5;0
MarbleSlabBlock;1;0.5;0
BasaltSlabBlock;1;0.5;0
BrickBlock;1;0.5;0
SnowballBlock;1;0.5;0
WoodenDoorBlock;1;0.5;0
IronDoorBlock;1;0.5;0
CellDoorBlock;1;0.5;0
WoodenTrapdoorBlock;1;0.5;0
CellTrapdoorBlock;1;0.5;0
WoodenLadderBlock;1;0.5;0
IronLadderBlock;1;0.5;0
WickerLampBlock;1;0.5;0
TorchBlock;1;0.5;0
StickBlock;1;0.5;0
IronIngotBlock;1;0.5;0
CopperIngotBlock;1;0.5;0
CraftingTableBlock;1;0.5;0
FurnaceBlock;1;0.5;0
LitFurnaceBlock;1;0.5;0
ChestBlock;1;0.5;0
DispenserBlock;1;0.5;0
SpikedPlankBlock;1;0.5;0
GrassTrapBlock;1;0.5;0
WoodenFenceBlock;1;0.5;0
WoodenFenceGateBlock;1;0.5;0
IronFenceBlock;1;0.5;0
IronFenceGateBlock;1;0.5;0
StoneFenceBlock;1;0.5;0
BrickFenceBlock;1;0.5;0
BasaltFenceBlock;1;0.5;0
WoodenPostedSignBlock;1;0.5;0
WoodenAttachedSignBlock;1;0.5;0
IronPostedSignBlock;1;0.5;0
IronAttachedSignBlock;1;0.5;0
SmallGunpowderKegBlock;1;0.5;0
MediumGunpowderKegBlock;1;0.5;0
LargeGunpowderKegBlock;1;0.5;0
SmallIncendiaryKegBlock;1;0.5;0
MediumIncendiaryKegBlock;1;0.5;0
LargeIncendiaryKegBlock;1;0.5;0
GravestoneBlock;1;0.5;0
FeatherBlock;1;0.5;0
StringBlock;1;0.5;0
CanvasBlock;1;0.5;0
CarpetBlock;1;0.5;0
CampfireBlock;1;0.5;0
GunpowderBlock;1;0.5;0
PigmentBlock;1;0.5;0
JackOLanternBlock;1;0.5;0
MagnetBlock;1;0.5;0
FurBlock;1;0.5;0
LeatherBlock;1;0.5;0
SaddleBlock;1;0.5;0
ChristmasTreeBlock;1;0.5;0
FurnitureBlock;1;0.5;0
TreasureGeneratorBlock;1;0.5;0
ExperienceBlock;1;0.5;0
EggBlock;1;0.5;0
MatchBlock;1;0.5;0
CompassBlock;1;0.5;0
ThermometerBlock;1;0.5;0
HygrometerBlock;1;0.5;0
ArrowBlock;1;0.5;0
BulletBlock;1;0.5;0
BombBlock;1;0.5;0
IncendiaryBombBlock;1;0.5;0
FireworksBlock;1;0.5;0
FlourBlock;1;0.5;0
DoughBlock;1;0.5;0
RottenDoughBlock;1;0.5;0
BreadBlock;1;0.5;0
RottenBreadBlock;1;0.5;0
RawBirdBlock;1;0.5;0
CookedBirdBlock;1;0.5;0
RottenBirdBlock;1;0.5;0
RawMeatBlock;1;0.5;0
CookedMeatBlock;1;0.5;0
RottenMeatBlock;1;0.5;0
RawFishBlock;1;0.5;0
CookedFishBlock;1;0.5;0
RottenFishBlock;1;0.5;0
RottenEggBlock;1;0.5;0
WireBlock;1;0.5;0
NotGateBlock;1;0.5;0
AndGateBlock;1;0.5;0
OrGateBlock;1;0.5;0
XorGateBlock;1;0.5;0
NandGateBlock;1;0.5;0
NorGateBlock;1;0.5;0
DelayGateBlock;1;0.5;0
AdjustableDelayGateBlock;1;0.5;0
SRLatchBlock;1;0.5;0
CounterBlock;1;0.5;0
MemoryBankBlock;1;0.5;0
TruthTableCircuitBlock;1;0.5;0
RealTimeClockBlock;1;0.5;0
RandomGeneratorBlock;1;0.5;0
DigitalToAnalogConverterBlock;1;0.5;0
AnalogToDigitalConverterBlock;1;0.5;0
SoundGeneratorBlock;1;0.5;0
BatteryBlock;1;0.5;0
LightbulbBlock;1;0.5;0
SwitchBlock;1;0.5;0
ButtonBlock;1;0.5;0
PressurePlateBlock;1;0.5;0
MotionDetectorBlock;1;0.5;0
PistonBlock;1;0.5;0
PistonHeadBlock;1;0.5;0
WireThroughPlanksBlock;1;0.5;0
WireThroughStoneBlock;1;0.5;0
WireThroughBricksBlock;1;0.5;0
WireThroughSemiconductorBlock;1;0.5;0
WireThroughCobblestoneBlock;1;0.5;0
LedBlock;1;0.5;0
FourLedBlock;1;0.5;0
SevenSegmentDisplayBlock;1;0.5;0
MulticoloredLedBlock;1;0.5;0
OneLedBlock;1;0.5;0
PhotodiodeBlock;1;0.5;0
TargetBlock;1;0.5;0
DetonatorBlock;1;0.5;0